,id,name_player,name_team,age,height,weight,position,draft_round,pts,ast,reb,all_star_appearances,team_salary,value
0,203992,Bogdan Bogdanovic,Atlanta Hawks,30,78.0,220.0,Guard,1,9.6,2.3,3.3,0.0,107071563.0,18000000.0
1,1629164,Brandon Goodwin,Atlanta Hawks,27,72.0,180.0,Guard,0,3.9,1.6,1.0,0.0,107071563.0,1701593.0
2,1628981,Bruno Fernando,Atlanta Hawks,24,81.0,240.0,Forward-Center,2,1.5,0.4,3.0,0.0,107071563.0,1517981.0
3,1629629,Cam Reddish,Atlanta Hawks,23,80.0,218.0,Forward-Guard,1,11.2,1.3,4.0,0.0,107071563.0,4458000.0
4,203991,Clint Capela,Atlanta Hawks,28,82.0,240.0,Center,1,14.3,0.9,14.2,0.0,107071563.0,16000000.0
5,201568,Danilo Gallinari,Atlanta Hawks,34,82.0,233.0,Forward,1,12.8,1.5,3.9,0.0,107071563.0,19500000.0
6,1629631,De'Andre Hunter,Atlanta Hawks,24,80.0,225.0,Forward-Guard,1,16.7,2.2,5.2,0.0,107071563.0,7422000.0
7,1628381,John Collins,Atlanta Hawks,25,81.0,235.0,Forward-Center,1,18.3,1.3,7.8,0.0,107071563.0,4137302.0
8,1628989,Kevin Huerter,Atlanta Hawks,24,79.0,190.0,Guard-Forward,1,11.9,3.6,3.7,0.0,107071563.0,2761920.0
9,1629017,Khyri Thomas,Atlanta Hawks,26,75.0,210.0,Guard,2,2.3,0.3,0.6,0.0,107071563.0,744684.0
10,1627739,Kris Dunn,Atlanta Hawks,28,75.0,205.0,Guard,1,7.3,3.4,3.6,0.0,107071563.0,4767000.0
11,101150,Lou Williams,Atlanta Hawks,35,73.0,175.0,Guard,2,12.0,3.5,2.1,0.0,107071563.0,8000000.0
12,203524,Solomon Hill,Atlanta Hawks,31,78.0,226.0,Forward,1,4.2,0.9,2.3,0.0,107071563.0,1620564.0
13,203503,Tony Snell,Atlanta Hawks,30,78.0,213.0,Guard,1,5.6,1.4,2.3,0.0,107071563.0,12178571.0
14,1629027,Trae Young,Atlanta Hawks,24,73.0,180.0,Guard,1,25.7,9.4,4.1,0.0,107071563.0,6571800.0
15,1629035,Carsen Edwards,Boston Celtics,24,71.0,200.0,Guard,2,5.1,0.6,1.1,0.0,132055255.5,1517981.0
16,1627743,Demetrius Jackson,Boston Celtics,28,73.0,201.0,Guard,2,1.8,0.7,0.7,0.0,132055255.5,92857.0
17,203095,Evan Fournier,Boston Celtics,29,79.0,205.0,Guard-Forward,1,19.6,3.7,3.0,0.0,132055255.5,17450000.0
18,1629684,Grant Williams,Boston Celtics,23,78.0,236.0,Forward,1,5.0,0.9,2.9,0.0,132055255.5,2498760.0
19,1627824,Guerschon Yabusele,Boston Celtics,26,80.0,260.0,Forward,1,2.3,0.4,1.4,0.0,132055255.5,1039080.0
20,1627759,Jaylen Brown,Boston Celtics,25,78.0,223.0,Guard-Forward,1,24.7,3.9,5.6,0.0,132055255.5,23437500.0
21,1628369,Jayson Tatum,Boston Celtics,24,80.0,210.0,Forward-Guard,1,24.9,4.3,6.8,0.0,132055255.5,9897120.0
22,202689,Kemba Walker,Boston Celtics,32,72.0,184.0,Guard,1,17.7,4.6,3.6,0.0,132055255.5,34379100.0
23,1628436,Luke Kornet,Boston Celtics,27,86.0,250.0,Forward-Center,0,2.0,0.3,1.2,0.0,132055255.5,2250000.0
24,203935,Marcus Smart,Boston Celtics,28,75.0,220.0,Guard,1,12.8,5.4,2.8,0.0,132055255.5,13446428.0
25,1629021,Moritz Wagner,Boston Celtics,25,83.0,245.0,Forward-Center,1,7.1,1.3,2.9,0.0,132055255.5,2161920.0
26,1629641,Romeo Langford,Boston Celtics,22,76.0,216.0,Guard-Forward,1,2.5,0.4,1.3,0.0,132055255.5,3631200.0
27,1628400,Semi Ojeleye,Boston Celtics,27,78.0,240.0,Forward,2,5.4,0.8,3.0,0.0,132055255.5,1752950.0
28,202684,Tristan Thompson,Boston Celtics,31,81.0,254.0,Center-Forward,1,7.9,1.0,8.4,0.0,132055255.5,9258000.0
29,1628993,Alize Johnson,Brooklyn Nets,26,79.0,212.0,Forward,2,2.0,0.4,2.8,0.0,167418409.5,110998.0
30,203460,Andre Roberson,Brooklyn Nets,30,79.0,210.0,Guard-Forward,1,1.2,0.8,3.0,0.0,167418409.5,163818.0
31,201933,Blake Griffin,Brooklyn Nets,33,81.0,250.0,Forward,1,11.6,3.5,5.0,0.0,167418409.5,776873.0
32,201933,Blake Griffin,Detroit Pistons,33,81.0,250.0,Forward,1,11.6,3.5,5.0,0.0,110176992.5,32670565.0
33,201599,DeAndre Jordan,Brooklyn Nets,34,83.0,265.0,Center,2,7.6,1.7,7.5,0.0,167418409.5,10375678.0
34,202697,Iman Shumpert,Brooklyn Nets,32,77.0,212.0,Guard,1,1.0,0.0,0.5,0.0,167418409.5,447155.0
35,201935,James Harden,Brooklyn Nets,33,77.0,220.0,Guard,1,25.3,11.2,7.9,0.0,167418409.5,41254920.0
36,201145,Jeff Green,Brooklyn Nets,36,80.0,235.0,Forward,1,9.8,1.5,3.8,0.0,167418409.5,1620564.0
37,203925,Joe Harris,Brooklyn Nets,31,78.0,220.0,Guard-Forward,2,14.7,1.8,3.5,0.0,167418409.5,16071429.0
38,201142,Kevin Durant,Brooklyn Nets,34,82.0,240.0,Forward,1,29.0,5.3,7.3,0.0,167418409.5,40108950.0
39,202681,Kyrie Irving,Brooklyn Nets,30,74.0,195.0,Guard,1,28.1,5.7,4.8,0.0,167418409.5,33460350.0
40,200746,LaMarcus Aldridge,Brooklyn Nets,37,83.0,250.0,Center-Forward,1,13.7,1.7,4.5,0.0,167418409.5,554988.0
41,200746,LaMarcus Aldridge,San Antonio Spurs,37,83.0,250.0,Center-Forward,1,13.7,1.7,4.5,0.0,93038611.5,16750000.0
42,1629013,Landry Shamet,Brooklyn Nets,25,76.0,190.0,Guard,1,7.8,1.1,1.8,0.0,167418409.5,2090040.0
43,1629651,Nicolas Claxton,Brooklyn Nets,23,83.0,215.0,Forward-Center,2,9.8,0.9,4.3,0.0,167418409.5,1517981.0
44,203943,Noah Vonleh,Brooklyn Nets,27,82.0,257.0,Forward,1,0.0,0.3,0.3,0.0,167418409.5,263995.0
45,203658,Norvel Pelle,Brooklyn Nets,29,82.0,231.0,Center,0,2.3,0.3,2.0,0.0,167418409.5,217845.0
46,203658,Norvel Pelle,New York Knicks,29,82.0,231.0,Center,0,2.3,0.3,2.0,0.0,72815528.0,99020.0
47,203658,Norvel Pelle,Sacramento Kings,29,82.0,231.0,Center,0,2.3,0.3,2.0,0.0,102997290.5,99020.0
48,203915,Spencer Dinwiddie,Brooklyn Nets,29,77.0,215.0,Guard,2,6.7,3.0,4.3,0.0,167418409.5,11454048.0
49,1629076,Tyler Cook,Brooklyn Nets,25,80.0,255.0,Forward,0,0.7,0.3,1.5,0.0,167418409.5,99020.0
50,204020,Tyler Johnson,Brooklyn Nets,30,75.0,186.0,Guard,0,5.2,0.9,1.8,0.0,167418409.5,1620564.0
51,202687,Bismack Biyombo,Charlotte Hornets,30,80.0,255.0,Center,1,5.5,1.3,5.5,0.0,95672374.0,3500000.0
52,202954,Brad Wanamaker,Charlotte Hornets,33,75.0,210.0,Guard,0,4.7,2.5,1.7,0.0,95672374.0,2250000.0
53,1628997,Caleb Martin,Charlotte Hornets,27,77.0,205.0,Forward,0,5.3,1.1,2.6,0.0,95672374.0,1517981.0
54,1628998,Cody Martin,Charlotte Hornets,27,77.0,205.0,Forward,2,3.8,1.2,2.4,0.0,95672374.0,1517981.0
55,203469,Cody Zeller,Charlotte Hornets,30,83.0,240.0,Forward-Center,1,9.2,2.3,7.1,0.0,95672374.0,15415730.0
56,1628984,Devonte' Graham,Charlotte Hornets,27,73.0,195.0,Guard,2,13.1,5.2,2.7,0.0,95672374.0,1663861.0
57,202330,Gordon Hayward,Charlotte Hornets,32,79.0,225.0,Forward,1,20.4,4.2,5.6,0.0,95672374.0,28500000.0
58,1629667,Jalen McDaniels,Charlotte Hornets,24,81.0,205.0,Forward-Center,2,4.5,0.5,2.4,0.0,95672374.0,1517981.0
59,1628370,Malik Monk,Charlotte Hornets,24,75.0,200.0,Guard,1,12.3,1.8,2.7,0.0,95672374.0,5345687.0
60,1628970,Miles Bridges,Charlotte Hornets,24,78.0,225.0,Forward,1,9.6,2.0,5.6,0.0,95672374.0,3934320.0
61,201587,Nicolas Batum,Charlotte Hornets,33,80.0,230.0,Guard-Forward,1,8.6,2.3,4.7,0.0,95672374.0,9043478.0
62,201587,Nicolas Batum,Los Angeles Clippers,33,80.0,230.0,Guard-Forward,1,8.6,2.3,4.7,0.0,141449447.5,1620564.0
63,1626179,Terry Rozier,Charlotte Hornets,28,73.0,190.0,Guard,1,20.2,3.3,3.8,0.0,95672374.0,18900000.0
64,1629632,Coby White,Chicago Bulls,22,77.0,195.0,Guard,1,15.2,4.7,4.6,0.0,112633852.0,5572680.0
65,1626245,Cristiano Felicio,Chicago Bulls,30,83.0,270.0,Forward-Center,0,1.6,0.7,1.7,0.0,112633852.0,7529020.0
66,1628464,Daniel Theis,Chicago Bulls,30,80.0,245.0,Forward-Center,0,9.4,1.6,5.3,0.0,112633852.0,5000000.0
67,1627756,Denzel Valentine,Chicago Bulls,28,76.0,220.0,Guard,1,7.4,1.7,3.9,0.0,112633852.0,4642800.0
68,202066,Garrett Temple,Chicago Bulls,36,77.0,195.0,Guard-Forward,0,8.5,2.0,3.1,0.0,112633852.0,4767000.0
69,1629750,Javonte Green,Chicago Bulls,29,76.0,205.0,Guard-Forward,0,4.2,0.4,2.1,0.0,112633852.0,1517981.0
70,1628374,Lauri Markkanen,Chicago Bulls,25,84.0,240.0,Forward-Center,1,17.7,0.9,6.0,0.0,112633852.0,6731508.0
71,202696,Nikola Vucevic,Chicago Bulls,31,83.0,260.0,Center,1,24.5,3.8,11.7,0.0,112633852.0,26000000.0
72,1627853,Ryan Arcidiacono,Chicago Bulls,28,75.0,195.0,Guard,0,3.2,1.2,1.6,0.0,112633852.0,3000000.0
73,201152,Thaddeus Young,Chicago Bulls,34,80.0,235.0,Forward,1,12.2,4.4,6.5,0.0,112633852.0,13545000.0
74,203107,Tomas Satoransky,Chicago Bulls,30,79.0,210.0,Guard,2,7.5,4.8,2.5,0.0,112633852.0,10000000.0
75,203897,Zach LaVine,Chicago Bulls,27,77.0,200.0,Guard-Forward,1,28.2,4.9,5.1,0.0,112633852.0,19500000.0
76,203083,Andre Drummond,Cleveland Cavaliers,29,82.0,279.0,Center,1,17.5,2.6,13.5,0.0,109640788.0,27957238.0
77,203083,Andre Drummond,Los Angeles Lakers,29,82.0,279.0,Center,1,17.5,2.6,13.5,0.0,129160617.5,554988.0
78,1626224,Cedi Osman,Cleveland Cavaliers,27,79.0,230.0,Forward,2,10.1,2.7,3.6,0.0,109640788.0,8840580.0
79,1629012,Collin Sexton,Cleveland Cavaliers,23,73.0,190.0,Guard,1,24.0,4.3,2.8,0.0,109640788.0,4991880.0
80,1628422,Damyean Dotson,Cleveland Cavaliers,28,77.0,210.0,Guard,2,6.7,2.2,1.9,0.0,109640788.0,2000000.0
81,1629636,Darius Garland,Cleveland Cavaliers,22,73.0,192.0,Guard,1,16.4,5.8,2.2,0.0,109640788.0,6720720.0
82,1629731,Dean Wade,Cleveland Cavaliers,25,81.0,228.0,Forward-Center,0,4.1,0.8,2.3,0.0,109640788.0,1517981.0
83,1629685,Dylan Windler,Cleveland Cavaliers,26,78.0,196.0,Guard-Forward,1,5.4,1.1,3.6,0.0,109640788.0,2137440.0
84,1628392,Isaiah Hartenstein,Cleveland Cavaliers,24,84.0,250.0,Center-Forward,2,3.5,0.5,2.8,0.0,109640788.0,1620564.0
85,1628386,Jarrett Allen,Cleveland Cavaliers,24,83.0,243.0,Center,1,12.9,1.6,9.9,0.0,109640788.0,3909902.0
86,2747,JR Smith,Cleveland Cavaliers,37,78.0,220.0,Guard,1,12.4,2.1,3.1,0.0,109640788.0,1456667.0
87,201567,Kevin Love,Cleveland Cavaliers,34,80.0,251.0,Forward-Center,1,5.8,1.3,3.3,0.0,109640788.0,31258256.0
88,203521,Matthew Dellavedova,Cleveland Cavaliers,32,75.0,200.0,Guard,0,3.1,3.2,1.3,0.0,109640788.0,1620564.0
89,1626188,Quinn Cook,Cleveland Cavaliers,29,73.0,180.0,Guard,0,2.9,0.7,0.7,0.0,109640788.0,110998.0
90,1626188,Quinn Cook,Los Angeles Lakers,29,73.0,180.0,Guard,0,2.9,0.7,0.7,0.0,129160617.5,1000000.0
91,1629730,Rayjon Tucker,Cleveland Cavaliers,25,75.0,209.0,Guard,0,4.0,1.0,0.0,0.0,109640788.0,340000.0
92,1627752,Taurean Prince,Cleveland Cavaliers,28,79.0,218.0,Forward,1,8.3,1.7,3.6,0.0,109640788.0,12250000.0
93,1627748,Thon Maker,Cleveland Cavaliers,25,84.0,221.0,Forward-Center,1,3.8,0.5,2.3,0.0,109640788.0,309355.0
94,1627812,Yogi Ferrell,Cleveland Cavaliers,29,72.0,178.0,Guard,0,9.5,2.5,3.5,0.0,109640788.0,110998.0
95,1626246,Boban Marjanovic,Dallas Mavericks,34,88.0,290.0,Center,0,4.4,0.2,3.9,0.0,106239384.0,3500000.0
96,203939,Dwight Powell,Dallas Mavericks,31,82.0,240.0,Forward-Center,2,4.4,0.8,3.3,0.0,106239384.0,11080125.0
97,1628973,Jalen Brunson,Dallas Mavericks,26,73.0,190.0,Guard,2,12.2,3.2,3.4,0.0,106239384.0,1663861.0
98,200755,JJ Redick,Dallas Mavericks,38,75.0,200.0,Guard,1,8.7,1.3,1.7,0.0,106239384.0,13013700.0
99,1626196,Josh Richardson,Dallas Mavericks,29,77.0,200.0,Guard,2,13.3,2.7,3.3,0.0,106239384.0,10865952.0
100,204001,Kristaps Porzingis,Dallas Mavericks,27,87.0,240.0,Forward-Center,1,19.7,1.3,8.6,0.0,106239384.0,29467800.0
101,1629029,Luka Doncic,Dallas Mavericks,23,79.0,230.0,Forward-Guard,1,29.0,9.2,8.4,0.0,106239384.0,8049360.0
102,1628467,Maxi Kleber,Dallas Mavericks,30,82.0,240.0,Forward,0,7.8,1.4,5.4,0.0,106239384.0,8325000.0
103,1629740,Nicolo Melli,Dallas Mavericks,31,81.0,236.0,Forward,0,2.0,1.1,2.6,0.0,106239384.0,3897436.0
104,203504,Trey Burke,Dallas Mavericks,29,72.0,185.0,Guard,1,7.0,1.5,0.9,0.0,106239384.0,3000000.0
105,203932,Aaron Gordon,Denver Nuggets,27,80.0,235.0,Forward,1,14.6,4.3,6.6,0.0,127160074.0,18136364.0
106,1629109,Gary Clark,Denver Nuggets,27,78.0,225.0,Forward,0,3.4,0.9,3.2,0.0,127160074.0,2000000.0
107,1627750,Jamal Murray,Denver Nuggets,25,75.0,215.0,Guard,1,21.1,4.8,4.0,0.0,127160074.0,27285000.0
108,203210,JaMychal Green,Denver Nuggets,32,80.0,227.0,Forward-Center,0,8.7,0.8,5.5,0.0,127160074.0,7199760.0
109,201580,JaVale McGee,Denver Nuggets,34,84.0,270.0,Center-Forward,1,8.0,1.0,5.2,0.0,127160074.0,4200000.0
110,1628420,Monte Morris,Denver Nuggets,27,74.0,183.0,Guard,2,10.4,3.4,2.2,0.0,127160074.0,1723707.0
111,203999,Nikola Jokic,Denver Nuggets,27,83.0,284.0,Center,2,27.1,8.6,11.3,0.0,127160074.0,29542010.0
112,200794,Paul Millsap,Denver Nuggets,37,79.0,257.0,Forward,2,9.5,1.6,5.0,0.0,127160074.0,10000000.0
113,1628408,PJ Dozier,Denver Nuggets,25,78.0,205.0,Guard-Forward,0,7.7,1.6,3.8,0.0,127160074.0,1762796.0
114,1628427,Vlatko Cancar,Denver Nuggets,25,80.0,236.0,Forward,2,1.4,0.3,1.2,0.0,127160074.0,1517981.0
115,203115,Will Barton,Denver Nuggets,31,78.0,181.0,Guard,2,13.0,3.2,4.1,0.0,127160074.0,13723214.0
116,202709,Cory Joseph,Detroit Pistons,31,75.0,200.0,Guard,1,6.7,2.4,2.2,0.0,110176992.5,12600000.0
117,203473,Dewayne Dedmon,Detroit Pistons,33,84.0,245.0,Center,0,6.4,0.7,6.0,0.0,110176992.5,2866667.0
118,1629058,Dzanan Musa,Detroit Pistons,23,81.0,217.0,Guard-Forward,1,4.3,0.9,1.9,0.0,110176992.5,2002800.0
119,1628977,Hamidou Diallo,Detroit Pistons,24,77.0,202.0,Guard,2,11.9,2.4,5.2,0.0,110176992.5,1663861.0
120,1626143,Jahlil Okafor,Detroit Pistons,26,82.0,270.0,Center-Forward,1,4.3,0.3,2.3,0.0,110176992.5,1882867.0
121,203924,Jerami Grant,Detroit Pistons,28,80.0,210.0,Forward,2,23.3,2.8,5.0,0.0,110176992.5,19050000.0
122,1628367,Josh Jackson,Detroit Pistons,25,80.0,207.0,Guard-Forward,1,13.2,2.1,4.2,0.0,110176992.5,4767000.0
123,203486,Mason Plumlee,Detroit Pistons,32,83.0,254.0,Forward-Center,1,10.3,3.6,9.5,0.0,110176992.5,8000000.0
124,203585,Rodney McGruder,Detroit Pistons,31,76.0,205.0,Guard,0,5.6,1.0,1.4,0.0,110176992.5,5192307.0
125,1629635,Sekou Doumbouya,Detroit Pistons,21,80.0,230.0,Forward,1,3.9,0.6,2.2,0.0,110176992.5,3449400.0
126,201961,Wayne Ellington,Detroit Pistons,34,76.0,207.0,Guard,1,10.6,1.4,1.8,0.0,110176992.5,1620564.0
127,201961,Wayne Ellington,New York Knicks,34,76.0,207.0,Guard,1,10.6,1.4,1.8,0.0,72815528.0,1000000.0
128,1629015,Zhaire Smith,Detroit Pistons,23,75.0,205.0,Guard,1,3.7,0.9,1.2,0.0,110176992.5,1068200.0
129,1629346,Alen Smailagic,Golden State Warriors,22,82.0,215.0,Forward,2,1.7,0.0,0.0,0.0,165286903.5,1517981.0
130,203952,Andrew Wiggins,Golden State Warriors,27,79.0,197.0,Forward,1,17.7,2.1,4.6,0.0,165286903.5,29542010.0
131,1627814,Damion Lee,Golden State Warriors,29,77.0,210.0,Guard-Forward,0,6.7,1.4,3.3,0.0,165286903.5,1762796.0
132,203110,Draymond Green,Golden State Warriors,32,78.0,230.0,Forward,2,6.1,8.4,6.6,0.0,165286903.5,22246956.0
133,1629672,Eric Paschall,Golden State Warriors,25,78.0,255.0,Forward,2,9.5,1.3,3.2,0.0,165286903.5,1517981.0
134,1629673,Jordan Poole,Golden State Warriors,23,76.0,194.0,Guard,1,10.8,1.4,1.6,0.0,165286903.5,2063280.0
135,203145,Kent Bazemore,Golden State Warriors,33,76.0,195.0,Guard-Forward,0,6.1,1.6,2.9,0.0,165286903.5,1620564.0
136,1626172,Kevon Looney,Golden State Warriors,26,81.0,222.0,Forward,1,3.9,1.6,4.2,0.0,165286903.5,4821429.0
137,202691,Klay Thompson,Golden State Warriors,32,78.0,215.0,Guard,1,21.5,2.4,3.8,0.0,165286903.5,35361360.0
138,2733,Shaun Livingston,Golden State Warriors,37,79.0,192.0,Guard,1,6.3,3.0,2.4,0.0,165286903.5,666667.0
139,201939,Stephen Curry,Golden State Warriors,34,75.0,185.0,Guard,1,29.0,6.2,5.3,0.0,165286903.5,43006362.0
140,202340,Avery Bradley,Houston Rockets,31,75.0,180.0,Guard,1,8.5,1.4,1.8,0.0,112816843.0,5635000.0
141,203463,Ben McLemore,Houston Rockets,29,75.0,195.0,Guard,1,6.6,0.9,2.2,0.0,112816843.0,2283034.0
142,203463,Ben McLemore,Los Angeles Lakers,29,75.0,195.0,Guard,1,6.6,0.9,2.2,0.0,129160617.5,455090.0
143,203998,Bruno Caboclo,Houston Rockets,27,81.0,218.0,Forward,1,2.8,0.2,2.3,0.0,112816843.0,361256.0
144,1629598,Chris Clemons,Houston Rockets,25,69.0,180.0,Guard,0,4.9,0.8,0.9,0.0,112816843.0,1517981.0
145,1626174,Christian Wood,Houston Rockets,27,82.0,214.0,Forward,0,21.9,1.4,9.8,0.0,112816843.0,13015874.0
146,203957,Dante Exum,Houston Rockets,27,77.0,214.0,Guard,1,3.8,2.2,2.8,0.0,112816843.0,9600000.0
147,1629610,DaQuan Jeffries,Houston Rockets,25,77.0,230.0,Guard-Forward,0,3.9,0.3,1.6,0.0,112816843.0,1445697.0
148,1628021,David Nwaba,Houston Rockets,29,77.0,219.0,Guard-Forward,0,9.2,1.0,3.9,0.0,112816843.0,1824003.0
149,202326,DeMarcus Cousins,Houston Rockets,32,82.0,270.0,Center,1,9.6,2.4,7.6,0.0,112816843.0,1620564.0
150,202326,DeMarcus Cousins,Los Angeles Clippers,32,82.0,270.0,Center,1,9.6,2.4,7.6,0.0,141449447.5,110998.0
151,201569,Eric Gordon,Houston Rockets,33,75.0,215.0,Guard,1,17.8,2.6,2.1,0.0,112816843.0,16869276.0
152,1626170,Jerian Grant,Houston Rockets,30,76.0,198.0,Guard,1,6.1,2.9,1.9,0.0,112816843.0,50000.0
153,202322,John Wall,Houston Rockets,32,75.0,210.0,Guard,1,21.1,6.3,3.5,0.0,112816843.0,41254920.0
154,203482,Kelly Olynyk,Houston Rockets,31,83.0,240.0,Forward-Center,1,10.0,2.1,6.1,0.0,112816843.0,12819649.0
155,1628425,Sterling Brown,Houston Rockets,27,77.0,219.0,Guard-Forward,2,7.6,1.6,4.5,0.0,112816843.0,1620564.0
156,1627786,Troy Williams,Houston Rockets,27,79.0,218.0,Forward,0,6.0,0.7,2.7,0.0,112816843.0,122741.0
157,1628988,Aaron Holiday,Indiana Pacers,26,72.0,185.0,Guard,1,6.9,1.7,1.2,0.0,122831102.0,2345640.0
158,1627747,Caris LeVert,Indiana Pacers,28,78.0,205.0,Guard,1,17.3,5.3,4.2,0.0,122831102.0,16203704.0
159,1627734,Domantas Sabonis,Indiana Pacers,26,83.0,240.0,Forward-Center,1,20.2,6.2,11.2,0.0,122831102.0,19800000.0
160,203926,Doug McDermott,Indiana Pacers,30,79.0,225.0,Forward,1,13.6,1.4,3.9,0.0,122831102.0,7333333.0
161,1628410,Edmond Sumner,Indiana Pacers,26,76.0,196.0,Guard,2,4.9,0.4,1.4,0.0,122831102.0,2160000.0
162,1629048,Goga Bitadze,Indiana Pacers,23,83.0,250.0,Center-Forward,1,3.8,0.3,2.2,0.0,122831102.0,2957520.0
163,203960,JaKarr Sampson,Indiana Pacers,29,79.0,214.0,Forward,0,2.6,0.1,1.9,0.0,122831102.0,1620564.0
164,1629665,Jalen Lecque,Indiana Pacers,22,76.0,185.0,Guard,0,1.3,0.5,1.3,0.0,122831102.0,1517981.0
165,203087,Jeremy Lamb,Indiana Pacers,30,77.0,180.0,Guard-Forward,1,11.1,1.6,3.6,0.0,122831102.0,10500000.0
166,203200,Justin Holiday,Indiana Pacers,33,78.0,180.0,Forward-Guard,0,11.6,1.7,3.9,0.0,122831102.0,5720400.0
167,1629103,Kelan Martin,Indiana Pacers,27,77.0,230.0,Forward,0,1.3,0.1,0.9,0.0,122831102.0,1445697.0
168,1627763,Malcolm Brogdon,Indiana Pacers,29,77.0,229.0,Guard,2,21.6,6.1,4.7,0.0,122831102.0,20700000.0
169,101145,Monta Ellis,Indiana Pacers,36,75.0,185.0,Guard,2,17.8,4.6,3.5,0.0,122831102.0,2245400.0
170,1626167,Myles Turner,Indiana Pacers,26,83.0,250.0,Center-Forward,1,13.2,1.0,6.5,0.0,122831102.0,18000000.0
171,1629052,Oshae Brissett,Indiana Pacers,24,79.0,210.0,Forward-Guard,0,1.9,0.4,1.4,0.0,122831102.0,99020.0
172,1629052,Oshae Brissett,Toronto Raptors,24,79.0,210.0,Forward-Guard,0,1.9,0.4,1.4,0.0,108694738.5,300000.0
173,1627826,Ivica Zubac,Los Angeles Clippers,25,84.0,240.0,Center,2,8.5,1.1,7.0,0.0,141449447.5,7000000.0
174,202695,Kawhi Leonard,Los Angeles Clippers,31,79.0,225.0,Forward,1,25.9,4.9,6.3,0.0,141449447.5,34379100.0
175,1628379,Luke Kennard,Los Angeles Clippers,26,77.0,206.0,Guard,1,8.0,1.8,2.7,0.0,141449447.5,5273826.0
176,201976,Patrick Beverley,Los Angeles Clippers,34,73.0,180.0,Guard,2,8.3,2.1,3.7,0.0,141449447.5,13333333.0
177,202335,Patrick Patterson,Los Angeles Clippers,33,80.0,235.0,Forward,1,4.7,0.5,2.0,0.0,141449447.5,3077704.0
178,202335,Patrick Patterson,Oklahoma City Thunder,33,80.0,235.0,Forward,1,4.7,0.5,2.0,0.0,70718792.5,737067.0
179,202331,Paul George,Los Angeles Clippers,32,80.0,220.0,Forward,1,22.5,5.5,6.0,0.0,141449447.5,35450412.0
180,200765,Rajon Rondo,Los Angeles Clippers,36,73.0,180.0,Guard,1,3.9,3.5,2.0,0.0,141449447.5,8250000.0
181,202704,Reggie Jackson,Los Angeles Clippers,32,74.0,208.0,Guard,1,8.7,2.8,2.6,0.0,141449447.5,1620564.0
182,201586,Serge Ibaka,Los Angeles Clippers,33,82.0,235.0,Forward,1,10.9,1.7,6.7,0.0,141449447.5,9258000.0
183,1629611,Terance Mann,Los Angeles Clippers,26,77.0,215.0,Guard-Forward,2,5.3,1.2,3.4,0.0,141449447.5,1517981.0
184,1627936,Alex Caruso,Los Angeles Lakers,28,76.0,186.0,Guard,0,5.8,2.4,2.9,0.0,129160617.5,2750000.0
185,1628035,Alfonzo McKinnie,Los Angeles Lakers,30,79.0,215.0,Forward,0,2.5,0.1,1.1,0.0,129160617.5,1762796.0
186,203076,Anthony Davis,Los Angeles Lakers,29,82.0,253.0,Forward-Center,1,22.5,3.0,8.4,0.0,129160617.5,32742000.0
187,1627745,Damian Jones,Los Angeles Lakers,27,83.0,245.0,Center,1,3.0,0.2,2.0,0.0,129160617.5,110998.0
188,1627745,Damian Jones,Phoenix Suns,27,83.0,245.0,Center,1,3.0,0.2,2.0,0.0,126843281.0,785285.0
189,203471,Dennis Schroder,Los Angeles Lakers,29,75.0,172.0,Guard,1,15.0,4.7,3.5,0.0,129160617.5,16000000.0
190,201162,Jared Dudley,Los Angeles Lakers,37,78.0,237.0,Forward,1,0.5,0.5,1.7,0.0,129160617.5,1620564.0
191,1628395,Jordan Bell,Los Angeles Lakers,27,80.0,216.0,Forward,2,3.3,1.7,5.3,0.0,129160617.5,580062.0
192,1628395,Jordan Bell,Washington Wizards,27,80.0,216.0,Forward,2,3.3,1.7,5.3,0.0,125787029.0,110998.0
193,1628398,Kyle Kuzma,Los Angeles Lakers,27,82.0,221.0,Forward,1,12.1,1.5,6.7,0.0,129160617.5,3562178.0
194,2544,LeBron James,Los Angeles Lakers,37,81.0,250.0,Forward,1,25.4,7.9,7.9,0.0,129160617.5,39219566.0
195,2736,Luol Deng,Los Angeles Lakers,37,81.0,237.0,Forward,1,14.8,2.3,6.1,2.0,129160617.5,5000000.0
196,201188,Marc Gasol,Los Angeles Lakers,37,83.0,255.0,Center,2,4.8,2.0,4.1,0.0,129160617.5,2564753.0
197,202693,Markieff Morris,Los Angeles Lakers,33,81.0,245.0,Forward,1,6.1,1.1,4.2,0.0,129160617.5,1620564.0
198,1626149,Montrezl Harrell,Los Angeles Lakers,28,79.0,240.0,Forward-Center,2,14.8,1.1,6.6,0.0,129160617.5,9258000.0
199,202083,Wesley Matthews,Los Angeles Lakers,36,76.0,220.0,Guard,0,4.5,1.0,1.4,0.0,129160617.5,3623000.0
200,1629634,Brandon Clarke,Memphis Grizzlies,26,80.0,215.0,Forward,1,11.8,1.5,5.5,0.0,109304772.5,2602920.0
201,1626177,Dakari Johnson,Memphis Grizzlies,27,84.0,255.0,Center,2,1.8,0.3,1.1,0.0,109304772.5,459414.0
202,1629001,De'Anthony Melton,Memphis Grizzlies,24,74.0,200.0,Guard,2,9.6,2.9,3.4,0.0,109304772.5,9571712.0
203,1628415,Dillon Brooks,Memphis Grizzlies,26,79.0,225.0,Guard-Forward,2,15.8,2.6,3.0,0.0,109304772.5,11400000.0
204,203079,Dion Waiters,Memphis Grizzlies,30,75.0,210.0,Guard,1,13.1,2.8,2.6,0.0,109304772.5,12650000.0
205,203476,Gorgui Dieng,Memphis Grizzlies,32,82.0,252.0,Center,1,7.9,1.3,4.5,0.0,109304772.5,16587688.0
206,203476,Gorgui Dieng,San Antonio Spurs,32,82.0,252.0,Center,1,7.9,1.3,4.5,0.0,93038611.5,1000000.0
207,1628960,Grayson Allen,Memphis Grizzlies,27,76.0,198.0,Guard,1,9.5,2.1,3.1,0.0,109304772.5,2545320.0
208,1629630,Ja Morant,Memphis Grizzlies,23,75.0,174.0,Guard,1,19.3,7.5,3.3,0.0,109304772.5,9166800.0
209,1629723,John Konchar,Memphis Grizzlies,26,77.0,210.0,Guard,0,4.0,1.1,3.3,0.0,109304772.5,2100000.0
210,202685,Jonas Valanciunas,Memphis Grizzlies,30,83.0,265.0,Center,1,15.9,1.8,12.3,0.0,109304772.5,15000000.0
211,1626159,Justise Winslow,Memphis Grizzlies,26,78.0,222.0,Forward-Guard,1,7.8,1.8,4.9,0.0,109304772.5,13000000.0
212,203937,Kyle Anderson,Memphis Grizzlies,29,81.0,230.0,Forward-Guard,1,12.8,3.4,5.8,0.0,109304772.5,9505100.0
213,1626209,Mario Hezonja,Memphis Grizzlies,27,80.0,220.0,Forward-Guard,1,6.9,1.3,3.1,0.0,109304772.5,1977011.0
214,1629741,Marko Guduric,Memphis Grizzlies,27,78.0,201.0,Guard,0,3.9,1.0,1.7,0.0,109304772.5,2750000.0
215,204025,Tim Frazier,Memphis Grizzlies,31,72.0,170.0,Guard,0,1.3,2.3,1.3,0.0,109304772.5,110998.0
216,1626145,Tyus Jones,Memphis Grizzlies,26,72.0,196.0,Guard,1,7.5,4.3,2.2,0.0,109304772.5,8817143.0
217,1627773,AJ Hammons,Miami Heat,30,84.0,260.0,Center,2,2.2,0.2,1.6,0.0,106066061.5,350087.0
218,2738,Andre Iguodala,Miami Heat,38,78.0,215.0,Guard-Forward,1,4.7,2.1,3.6,0.0,106066061.5,15000000.0
219,1628389,Bam Adebayo,Miami Heat,25,81.0,255.0,Center-Forward,1,19.2,5.4,9.5,0.0,106066061.5,5115492.0
220,1629130,Duncan Robinson,Miami Heat,28,79.0,215.0,Forward,0,12.5,1.7,3.8,0.0,106066061.5,1663861.0
221,201609,Goran Dragic,Miami Heat,36,75.0,190.0,Guard,2,13.9,4.9,3.3,0.0,106066061.5,18000000.0
222,202710,Jimmy Butler,Miami Heat,33,79.0,230.0,Forward,1,21.3,7.3,7.9,0.0,106066061.5,34379100.0
223,1629134,Kendrick Nunn,Miami Heat,27,74.0,190.0,Guard,0,13.3,2.6,3.2,0.0,106066061.5,1663861.0
224,1629644,KZ Okpala,Miami Heat,23,80.0,215.0,Forward-Guard,2,2.7,0.4,2.0,0.0,106066061.5,1517981.0
225,202357,Nemanja Bjelica,Miami Heat,34,82.0,234.0,Forward,2,7.2,1.9,3.8,0.0,106066061.5,7150000.0
226,201583,Ryan Anderson,Miami Heat,34,81.0,240.0,Forward,1,12.3,0.9,5.3,0.0,106066061.5,5214583.0
227,2772,Trevor Ariza,Miami Heat,37,80.0,215.0,Forward,2,4.0,1.0,3.3,0.0,106066061.5,12800000.0
228,1629639,Tyler Herro,Miami Heat,22,77.0,195.0,Guard,1,15.1,3.4,5.4,0.0,106066061.5,3822240.0
229,2617,Udonis Haslem,Miami Heat,42,80.0,235.0,Forward,0,3.0,0.3,4.0,0.0,106066061.5,1620564.0
230,203506,Victor Oladipo,Miami Heat,30,76.0,213.0,Guard,1,20.8,4.7,5.0,0.0,106066061.5,21000000.0
231,1626171,Bobby Portis,Milwaukee Bucks,27,82.0,250.0,Forward,1,10.8,1.1,6.9,0.0,139410517.5,3623000.0
232,201572,Brook Lopez,Milwaukee Bucks,34,84.0,282.0,Center,1,11.4,0.7,5.0,0.0,139410517.5,12697675.0
233,1627854,Bryn Forbes,Milwaukee Bucks,29,74.0,205.0,Guard,0,9.5,0.6,1.2,0.0,139410517.5,2337145.0
234,203507,Giannis Antetokounmpo,Milwaukee Bucks,27,83.0,242.0,Forward,1,29.0,6.4,11.7,0.0,139410517.5,27528088.0
235,201952,Jeff Teague,Milwaukee Bucks,34,75.0,195.0,Guard,1,6.6,2.2,1.6,0.0,139410517.5,510589.0
236,201952,Jeff Teague,Orlando Magic,34,75.0,195.0,Guard,1,6.6,2.2,1.6,0.0,111599711.5,1620564.0
237,202720,Jon Leuer,Milwaukee Bucks,33,82.0,228.0,Forward,2,6.4,0.8,3.8,0.0,139410517.5,3169348.0
238,201950,Jrue Holiday,Milwaukee Bucks,32,75.0,205.0,Guard,1,15.9,5.2,4.6,0.0,139410517.5,25876111.0
239,203114,Khris Middleton,Milwaukee Bucks,31,79.0,222.0,Forward,2,20.4,5.5,6.0,0.0,139410517.5,33051724.0
240,202336,Larry Sanders,Milwaukee Bucks,33,83.0,230.0,Forward-Center,1,6.4,0.7,5.7,0.0,139410517.5,1865546.0
241,1626192,Pat Connaughton,Milwaukee Bucks,29,77.0,209.0,Guard,2,6.9,1.3,4.5,0.0,139410517.5,4938273.0
242,1629066,Rodions Kurucs,Milwaukee Bucks,24,81.0,228.0,Forward,2,1.0,0.4,0.9,0.0,139410517.5,1780152.0
243,203648,Thanasis Antetokounmpo,Milwaukee Bucks,30,78.0,219.0,Forward,2,2.2,0.7,2.0,0.0,139410517.5,1701593.0
244,202332,Cole Aldrich,Minnesota Timberwolves,33,83.0,253.0,Center,1,3.1,0.5,3.3,0.0,130773021.5,685340.0
245,1626156,D'Angelo Russell,Minnesota Timberwolves,26,76.0,193.0,Guard,1,19.3,5.1,2.6,0.0,130773021.5,28649250.0
246,202334,Ed Davis,Minnesota Timberwolves,33,81.0,218.0,Center-Forward,1,2.3,1.0,5.1,0.0,130773021.5,5005350.0
247,1627774,Jake Layman,Minnesota Timberwolves,28,80.0,209.0,Forward,2,6.1,0.8,1.9,0.0,130773021.5,3761085.0
248,1629020,Jarred Vanderbilt,Minnesota Timberwolves,23,81.0,214.0,Forward,2,5.6,1.4,5.6,0.0,130773021.5,1663861.0
249,1629633,Jarrett Culver,Minnesota Timberwolves,23,78.0,195.0,Guard-Forward,1,6.8,0.8,4.3,0.0,130773021.5,6104280.0
250,1629669,Jaylen Nowell,Minnesota Timberwolves,23,76.0,201.0,Guard,2,10.5,1.4,2.2,0.0,130773021.5,1517981.0
251,1629006,Josh Okogie,Minnesota Timberwolves,24,76.0,213.0,Guard,1,4.8,1.2,2.6,0.0,130773021.5,2651040.0
252,1627823,Juancho Hernangomez,Minnesota Timberwolves,27,81.0,214.0,Forward,1,6.2,0.6,4.2,0.0,130773021.5,6493000.0
253,1627736,Malik Beasley,Minnesota Timberwolves,25,76.0,187.0,Guard,1,20.5,2.5,4.6,0.0,130773021.5,13425895.0
254,1629675,Naz Reid,Minnesota Timberwolves,23,81.0,264.0,Center-Forward,0,11.4,1.2,4.6,0.0,130773021.5,1517981.0
255,201937,Ricky Rubio,Minnesota Timberwolves,31,75.0,190.0,Guard,1,8.8,6.8,3.2,0.0,130773021.5,17000000.0
256,1627742,Brandon Ingram,New Orleans Pelicans,25,80.0,190.0,Forward,1,24.2,4.7,5.1,0.0,112553646.5,27285000.0
257,202339,Eric Bledsoe,New Orleans Pelicans,32,73.0,214.0,Guard,1,11.3,3.7,3.4,0.0,112553646.5,16875000.0
258,202738,Isaiah Thomas,New Orleans Pelicans,33,69.0,185.0,Guard,2,18.1,5.0,2.5,2.0,112553646.5,110998.0
259,201949,James Johnson,New Orleans Pelicans,35,79.0,240.0,Forward,1,5.7,1.7,3.0,0.0,112553646.5,16047100.0
260,1629637,Jaxson Hayes,New Orleans Pelicans,22,83.0,220.0,Center-Forward,1,5.5,0.5,3.5,0.0,112553646.5,5105160.0
261,1628404,Josh Hart,New Orleans Pelicans,27,77.0,215.0,Guard,1,9.1,2.2,7.6,0.0,112553646.5,3491159.0
262,1628366,Lonzo Ball,New Orleans Pelicans,24,78.0,190.0,Guard,1,14.2,5.6,4.2,0.0,112553646.5,11003782.0
263,1628414,Sindarius Thornwell,New Orleans Pelicans,27,76.0,215.0,Guard,2,1.2,0.3,0.4,0.0,112553646.5,721484.0
264,203500,Steven Adams,New Orleans Pelicans,29,83.0,265.0,Center,1,8.1,2.0,9.2,0.0,112553646.5,29592695.0
265,1629117,Wenyen Gabriel,New Orleans Pelicans,25,81.0,205.0,Forward,0,0.2,0.3,1.2,0.0,112553646.5,1620564.0
266,1626195,Willy Hernangomez,New Orleans Pelicans,28,83.0,250.0,Center-Forward,2,6.3,1.2,6.2,0.0,112553646.5,1620564.0
267,1629627,Zion Williamson,New Orleans Pelicans,22,79.0,284.0,Forward,1,25.7,3.4,7.0,0.0,112553646.5,10245480.0
268,202692,Alec Burks,New York Knicks,31,78.0,214.0,Guard,1,12.6,2.2,4.3,0.0,72815528.0,6000000.0
269,201565,Derrick Rose,New York Knicks,34,74.0,200.0,Guard,1,13.5,4.5,2.2,0.0,72815528.0,7682926.0
270,203901,Elfrid Payton,New York Knicks,28,75.0,195.0,Guard,1,12.4,3.7,3.9,0.0,72815528.0,4767000.0
271,1628373,Frank Ntilikina,New York Knicks,24,76.0,200.0,Guard,1,4.3,0.8,1.2,0.0,72815528.0,6176578.0
272,1628980,Jacob Evans,New York Knicks,25,76.0,210.0,Guard-Forward,1,2.8,0.9,1.1,0.0,72815528.0,2017320.0
273,201149,Joakim Noah,New York Knicks,37,83.0,232.0,Forward-Center,1,8.8,2.8,9.0,2.0,72815528.0,6431667.0
274,203089,John Henson,New York Knicks,31,81.0,219.0,Forward-Center,1,7.6,1.1,5.3,0.0,72815528.0,110998.0
275,203944,Julius Randle,New York Knicks,27,80.0,250.0,Forward-Center,1,23.3,5.9,10.9,0.0,72815528.0,18900000.0
276,1629011,Mitchell Robinson,New York Knicks,24,84.0,240.0,Center-Forward,2,8.6,0.6,8.4,0.0,72815528.0,1663861.0
277,203457,Nerlens Noel,New York Knicks,28,83.0,220.0,Center-Forward,1,4.8,0.6,6.0,0.0,72815528.0,5000000.0
278,1629016,Omari Spellman,New York Knicks,25,80.0,245.0,Forward,1,6.8,1.0,4.3,0.0,72815528.0,1988280.0
279,203493,Reggie Bullock,New York Knicks,31,78.0,205.0,Guard-Forward,1,9.3,1.4,3.4,0.0,72815528.0,4200000.0
280,1629628,RJ Barrett,New York Knicks,22,78.0,214.0,Forward-Guard,1,17.3,3.0,6.1,0.0,72815528.0,8231760.0
281,201959,Taj Gibson,New York Knicks,37,81.0,232.0,Forward,1,4.2,0.5,4.5,0.0,72815528.0,1442968.0
282,1628390,Terrance Ferguson,New York Knicks,24,78.0,190.0,Guard,1,0.2,0.2,0.1,0.0,72815528.0,3944013.0
283,1629738,Vincent Poirier,New York Knicks,29,84.0,235.0,Center-Forward,0,0.8,0.2,1.4,0.0,72815528.0,2619207.0
284,1629678,Admiral Schofield,Oklahoma City Thunder,25,77.0,241.0,Guard-Forward,2,3.0,0.5,1.4,0.0,70718792.5,1517981.0
285,201143,Al Horford,Oklahoma City Thunder,36,81.0,240.0,Center-Forward,1,14.3,3.3,6.7,0.0,70718792.5,27500000.0
286,203085,Austin Rivers,Oklahoma City Thunder,30,76.0,200.0,Guard,1,7.3,2.0,2.2,0.0,70718792.5,3500000.0
287,1629647,Darius Bazley,Oklahoma City Thunder,22,80.0,208.0,Forward-Guard,1,11.9,1.5,7.5,0.0,70718792.5,2399160.0
288,203121,Darius Miller,Oklahoma City Thunder,32,78.0,225.0,Forward,2,3.4,1.1,1.4,0.0,70718792.5,7000000.0
289,1628402,Frank Jackson,Oklahoma City Thunder,24,75.0,205.0,Guard,2,5.2,0.8,1.4,0.0,70718792.5,250000.0
290,1629676,Isaiah Roby,Oklahoma City Thunder,24,80.0,230.0,Forward,2,9.0,1.7,5.5,0.0,70718792.5,1517981.0
291,1627982,Josh Gray,Oklahoma City Thunder,29,72.0,180.0,Guard,0,4.9,2.0,1.7,0.0,70718792.5,1620564.0
292,1628382,Justin Jackson,Oklahoma City Thunder,27,80.0,220.0,Forward,1,7.0,1.5,2.2,0.0,70718792.5,5029650.0
293,1629620,Justin Robinson,Oklahoma City Thunder,25,73.0,195.0,Guard,0,1.4,0.8,0.6,0.0,70718792.5,99020.0
294,1629026,Kenrich Williams,Oklahoma City Thunder,27,78.0,210.0,Guard-Forward,0,7.0,1.8,4.1,0.0,70718792.5,2000000.0
295,202713,Kyle Singler,Oklahoma City Thunder,34,80.0,228.0,Forward,2,6.5,0.8,2.9,0.0,70718792.5,999200.0
296,1629652,Luguentz Dort,Oklahoma City Thunder,23,75.0,215.0,Guard,0,12.6,1.6,3.5,0.0,70718792.5,1517981.0
297,203086,Meyers Leonard,Oklahoma City Thunder,30,84.0,260.0,Forward-Center,1,3.3,0.7,2.3,0.0,70718792.5,9400000.0
298,203488,Mike Muscala,Oklahoma City Thunder,31,82.0,240.0,Forward-Center,2,9.7,0.8,3.8,0.0,70718792.5,2283034.0
299,1629650,Moses Brown,Oklahoma City Thunder,23,86.0,245.0,Center,0,6.6,0.3,6.5,0.0,70718792.5,1250000.0
300,1629004,Svi Mykhailiuk,Oklahoma City Thunder,25,79.0,205.0,Guard-Forward,2,7.0,1.6,2.1,0.0,70718792.5,1663861.0
301,1628396,Tony Bradley,Oklahoma City Thunder,24,82.0,248.0,Center-Forward,1,4.8,0.9,4.9,0.0,70718792.5,3542060.0
302,1629660,Ty Jerome,Oklahoma City Thunder,25,77.0,195.0,Guard-Forward,1,9.9,3.6,3.5,0.0,70718792.5,2303040.0
303,1629597,Zylan Cheatham,Oklahoma City Thunder,26,77.0,220.0,Forward,0,3.0,0.8,2.3,0.0,70718792.5,1445697.0
304,1628407,Dwayne Bacon,Orlando Magic,27,78.0,221.0,Guard-Forward,2,9.9,1.1,2.8,0.0,111599711.5,1678854.0
305,203914,Gary Harris,Orlando Magic,28,76.0,210.0,Guard,1,9.7,1.7,2.5,0.0,111599711.5,19160714.0
306,1628371,Jonathan Isaac,Orlando Magic,25,83.0,230.0,Forward,1,11.9,1.4,6.8,0.0,111599711.5,7362566.0
307,203920,Khem Birch,Orlando Magic,30,81.0,233.0,Center,0,5.5,1.0,5.2,0.0,111599711.5,3000000.0
308,1628365,Markelle Fultz,Orlando Magic,24,75.0,209.0,Guard,1,12.9,5.4,3.1,0.0,111599711.5,12288697.0
309,1628964,Mo Bamba,Orlando Magic,24,84.0,231.0,Center,1,4.6,0.3,3.9,0.0,111599711.5,5969040.0
310,203082,Terrence Ross,Orlando Magic,31,78.0,206.0,Guard-Forward,1,16.0,2.3,3.5,0.0,111599711.5,13500000.0
311,1627732,Ben Simmons,Philadelphia 76ers,26,83.0,240.0,Guard-Forward,1,16.1,7.6,8.0,0.0,138280690.0,30559200.0
312,201980,Danny Green,Philadelphia 76ers,35,78.0,215.0,Guard,2,9.2,1.7,3.6,0.0,138280690.0,15365853.0
313,2730,Dwight Howard,Philadelphia 76ers,36,82.0,265.0,Center-Forward,1,6.6,0.8,8.2,0.0,138280690.0,1620564.0
314,1627788,Furkan Korkmaz,Philadelphia 76ers,25,79.0,202.0,Guard-Forward,1,9.2,1.1,2.2,0.0,138280690.0,1762796.0
315,201588,George Hill,Philadelphia 76ers,36,76.0,188.0,Guard,1,11.8,3.1,2.1,0.0,138280690.0,9590602.0
316,203954,Joel Embiid,Philadelphia 76ers,28,84.0,280.0,Center-Forward,1,29.9,3.3,11.5,0.0,138280690.0,29542010.0
317,1626147,Justin Anderson,Philadelphia 76ers,28,77.0,231.0,Forward-Guard,1,5.2,0.7,2.5,0.0,138280690.0,125000.0
318,1629680,Matisse Thybulle,Philadelphia 76ers,25,77.0,201.0,Guard-Forward,1,3.7,1.0,1.7,0.0,138280690.0,2711280.0
319,203118,Mike Scott,Philadelphia 76ers,34,79.0,237.0,Forward,2,3.8,0.5,2.6,0.0,138280690.0,5005350.0
320,203552,Seth Curry,Philadelphia 76ers,32,74.0,185.0,Guard,0,12.9,2.9,2.2,0.0,138280690.0,7834449.0
321,1629003,Shake Milton,Philadelphia 76ers,26,77.0,205.0,Guard-Forward,2,13.8,3.1,2.3,0.0,138280690.0,1701593.0
322,202699,Tobias Harris,Philadelphia 76ers,30,80.0,226.0,Forward,1,20.8,3.6,7.7,0.0,138280690.0,34358850.0
323,1627846,Abdel Nader,Phoenix Suns,29,77.0,225.0,Forward,2,6.7,0.8,2.6,0.0,126843281.0,1752950.0
324,1629661,Cameron Johnson,Phoenix Suns,26,80.0,210.0,Forward,1,10.3,1.4,3.3,0.0,126843281.0,4235160.0
325,1626166,Cameron Payne,Phoenix Suns,28,73.0,183.0,Guard,1,7.2,3.7,2.1,0.0,126843281.0,1977011.0
326,101108,Chris Paul,Phoenix Suns,37,72.0,175.0,Guard,1,15.7,8.8,4.7,0.0,126843281.0,41358814.0
327,203967,Dario Saric,Phoenix Suns,28,82.0,225.0,Forward-Center,1,10.3,1.3,4.2,0.0,126843281.0,9250000.0
328,1629028,Deandre Ayton,Phoenix Suns,24,83.0,250.0,Center,1,14.5,1.6,11.0,0.0,126843281.0,10018200.0
329,1626164,Devin Booker,Phoenix Suns,25,77.0,206.0,Guard,1,25.1,4.6,4.0,0.0,126843281.0,29467800.0
330,202734,E'Twaun Moore,Phoenix Suns,33,75.0,191.0,Guard,2,4.3,1.5,1.8,0.0,126843281.0,1620564.0
331,1626163,Frank Kaminsky,Phoenix Suns,29,84.0,240.0,Forward-Center,1,6.6,1.6,3.7,0.0,126843281.0,1620564.0
332,203109,Jae Crowder,Phoenix Suns,32,78.0,235.0,Forward,2,10.1,2.0,5.0,0.0,126843281.0,9258000.0
333,1628975,Jevon Carter,Phoenix Suns,27,73.0,200.0,Guard,2,2.8,1.1,1.1,0.0,126843281.0,3925000.0
334,204038,Langston Galloway,Phoenix Suns,30,73.0,200.0,Guard,0,5.1,0.8,1.0,0.0,126843281.0,1620564.0
335,1628969,Mikal Bridges,Phoenix Suns,26,78.0,209.0,Forward,1,13.7,2.4,4.9,0.0,126843281.0,4359000.0
336,1628470,Torrey Craig,Phoenix Suns,31,79.0,221.0,Forward,0,2.9,0.9,2.4,0.0,126843281.0,1620564.0
337,2760,Anderson Varejao,Portland Trail Blazers,40,83.0,273.0,Center,2,7.3,1.2,7.2,0.0,131484710.0,1913345.0
338,203094,Andrew Nicholson,Portland Trail Blazers,32,81.0,250.0,Forward,1,6.0,0.4,3.0,0.0,131484710.0,2844430.0
339,1629014,Anfernee Simons,Portland Trail Blazers,23,75.0,181.0,Guard,1,8.0,1.4,2.3,0.0,131484710.0,2252040.0
340,2546,Carmelo Anthony,Portland Trail Blazers,38,79.0,238.0,Forward,1,14.0,1.7,3.3,0.0,131484710.0,1620564.0
341,203468,CJ McCollum,Portland Trail Blazers,31,75.0,190.0,Guard,1,23.8,4.3,3.8,0.0,131484710.0,29354152.0
342,203081,Damian Lillard,Portland Trail Blazers,32,74.0,195.0,Guard,1,30.1,7.7,4.4,0.0,131484710.0,31626953.0
343,202683,Enes Kanter,Portland Trail Blazers,30,82.0,250.0,Center,1,12.1,1.3,11.6,0.0,131484710.0,5005350.0
344,203994,Jusuf Nurkic,Portland Trail Blazers,28,83.0,290.0,Center,1,9.8,2.8,7.7,0.0,131484710.0,12888889.0
345,1629642,Nassir Little,Portland Trail Blazers,22,77.0,220.0,Forward-Guard,1,5.3,0.4,2.6,0.0,131484710.0,2210640.0
346,1626181,Norman Powell,Portland Trail Blazers,29,75.0,215.0,Guard,2,19.5,1.8,3.0,0.0,131484710.0,10865952.0
347,203496,Robert Covington,Portland Trail Blazers,31,79.0,209.0,Forward,0,8.6,1.7,6.7,0.0,131484710.0,12138345.0
348,1628380,Zach Collins,Portland Trail Blazers,24,83.0,250.0,Forward-Center,1,7.0,1.5,6.3,0.0,131484710.0,5406255.0
349,1627741,Buddy Hield,Sacramento Kings,29,76.0,220.0,Guard,1,16.9,3.3,4.6,0.0,102997290.5,24701834.0
350,1629002,Chimezie Metu,Sacramento Kings,25,81.0,225.0,Forward-Center,2,3.4,0.5,2.1,0.0,102997290.5,50000.0
351,1629735,Chris Silva,Sacramento Kings,26,80.0,234.0,Forward,0,2.7,0.5,2.3,0.0,102997290.5,1517981.0
352,1628368,De'Aaron Fox,Sacramento Kings,24,75.0,185.0,Guard,1,23.8,7.4,3.4,0.0,102997290.5,8099627.0
353,1626153,Delon Wright,Sacramento Kings,30,77.0,185.0,Guard,1,10.5,5.1,4.6,0.0,102997290.5,9000000.0
354,203922,Glenn Robinson III,Sacramento Kings,28,78.0,222.0,Forward,2,5.3,0.9,2.0,0.0,102997290.5,930930.0
355,203084,Harrison Barnes,Sacramento Kings,30,80.0,225.0,Forward,1,16.3,3.7,6.5,0.0,102997290.5,22215909.0
356,202355,Hassan Whiteside,Sacramento Kings,33,84.0,265.0,Center,2,8.0,0.6,5.8,0.0,102997290.5,1620564.0
357,203953,Jabari Parker,Sacramento Kings,27,80.0,245.0,Forward,1,2.7,0.3,2.0,0.0,102997290.5,6500000.0
358,1629713,Justin James,Sacramento Kings,25,79.0,190.0,Guard-Forward,2,2.1,0.5,0.5,0.0,102997290.5,1517981.0
359,1628963,Marvin Bagley III,Sacramento Kings,23,83.0,235.0,Forward,1,13.9,0.9,7.4,0.0,102997290.5,8963640.0
360,203090,Maurice Harkless,Sacramento Kings,29,79.0,220.0,Forward-Guard,1,1.4,0.6,1.2,0.0,102997290.5,3623000.0
361,1629662,Mfiondu Kabengele,Sacramento Kings,25,81.0,250.0,Forward-Center,1,1.2,0.2,0.6,0.0,102997290.5,2075880.0
362,1626158,Richaun Holmes,Sacramento Kings,29,82.0,235.0,Forward,2,13.9,1.8,8.8,0.0,102997290.5,5005350.0
363,1629056,Terence Davis,Sacramento Kings,25,76.0,201.0,Guard,0,7.0,1.1,2.0,0.0,102997290.5,1517981.0
364,1629244,Cameron Reynolds,San Antonio Spurs,27,79.0,225.0,Guard-Forward,0,5.0,0.7,1.6,0.0,93038611.5,110998.0
365,1627749,Dejounte Murray,San Antonio Spurs,26,76.0,180.0,Guard,1,15.6,5.1,7.0,0.0,93038611.5,14286000.0
366,201942,DeMar DeRozan,San Antonio Spurs,33,78.0,220.0,Guard-Forward,1,20.6,7.4,4.5,0.0,93038611.5,27739975.0
367,201960,DeMarre Carroll,San Antonio Spurs,36,78.0,215.0,Forward,1,8.9,1.3,4.2,0.0,93038611.5,6119676.0
368,1628401,Derrick White,San Antonio Spurs,28,76.0,190.0,Guard,1,12.8,3.4,2.4,0.0,93038611.5,3516284.0
369,1629234,Drew Eubanks,San Antonio Spurs,25,81.0,245.0,Forward-Center,0,4.6,0.9,3.2,0.0,93038611.5,1620564.0
370,1627751,Jakob Poeltl,San Antonio Spurs,27,85.0,245.0,Center,1,7.1,1.8,7.8,0.0,93038611.5,8101852.0
371,1629640,Keldon Johnson,San Antonio Spurs,23,77.0,220.0,Forward-Guard,1,13.9,2.0,6.5,0.0,93038611.5,2048040.0
372,1629677,Luka Samanic,San Antonio Spurs,22,82.0,227.0,Forward,1,3.8,0.2,2.5,0.0,93038611.5,2824320.0
373,1627737,Marquese Chriss,San Antonio Spurs,25,81.0,240.0,Forward,1,6.5,1.0,6.5,0.0,93038611.5,1824003.0
374,201988,Patty Mills,San Antonio Spurs,34,73.0,180.0,Guard,2,12.9,2.5,1.8,0.0,93038611.5,13535714.0
375,200752,Rudy Gay,San Antonio Spurs,36,80.0,250.0,Forward-Guard,1,10.9,1.5,4.9,0.0,93038611.5,14500000.0
376,1626168,Trey Lyles,San Antonio Spurs,26,81.0,234.0,Forward,1,5.0,0.6,3.8,0.0,93038611.5,5500000.0
377,203458,Alex Len,Toronto Raptors,29,84.0,250.0,Center,1,6.1,0.9,3.6,0.0,108694738.5,2258000.0
378,203458,Alex Len,Washington Wizards,29,84.0,250.0,Center,1,6.1,0.9,3.6,0.0,125787029.0,1265372.0
379,203382,Aron Baynes,Toronto Raptors,35,82.0,260.0,Center-Forward,0,6.1,0.9,5.5,0.0,108694738.5,7000000.0
380,1628449,Chris Boucher,Toronto Raptors,29,81.0,200.0,Forward-Center,0,13.8,1.0,6.4,0.0,108694738.5,6500000.0
381,1627761,DeAndre' Bembry,Toronto Raptors,28,77.0,210.0,Guard-Forward,1,4.6,1.9,2.3,0.0,108694738.5,1737145.0
382,1627832,Fred VanVleet,Toronto Raptors,28,73.0,197.0,Guard,0,20.1,6.5,4.4,0.0,108694738.5,21250000.0
383,1627740,Henry Ellenson,Toronto Raptors,25,82.0,240.0,Forward-Center,1,7.5,2.5,6.0,0.0,108694738.5,110998.0
384,200768,Kyle Lowry,Toronto Raptors,36,72.0,196.0,Guard,1,17.6,7.4,5.6,0.0,108694738.5,30500000.0
385,1628384,OG Anunoby,Toronto Raptors,25,79.0,232.0,Forward,1,14.0,1.6,5.7,0.0,108694738.5,3872215.0
386,1627783,Pascal Siakam,Toronto Raptors,28,81.0,230.0,Forward,1,19.8,4.7,7.3,0.0,108694738.5,30559200.0
387,1627775,Patrick McCaw,Toronto Raptors,26,79.0,181.0,Guard,2,1.0,0.8,0.6,0.0,108694738.5,4000000.0
388,1628778,Paul Watson,Toronto Raptors,27,78.0,210.0,Guard,0,2.6,0.4,1.3,0.0,108694738.5,1445697.0
389,203918,Rodney Hood,Toronto Raptors,29,80.0,208.0,Guard-Forward,1,4.7,1.2,1.9,0.0,108694738.5,10047450.0
390,1626169,Stanley Johnson,Toronto Raptors,26,78.0,242.0,Forward-Guard,1,2.9,1.2,2.2,0.0,108694738.5,3804150.0
391,202711,Bojan Bogdanovic,Utah Jazz,33,79.0,226.0,Forward,2,14.9,1.9,3.9,0.0,133223012.0,17850000.0
392,202324,Derrick Favors,Utah Jazz,31,81.0,265.0,Forward,1,5.9,0.9,5.3,0.0,133223012.0,9258000.0
393,1628378,Donovan Mitchell,Utah Jazz,26,73.0,215.0,Guard,1,25.4,5.5,4.6,0.0,133223012.0,5195501.0
394,101141,Ersan Ilyasova,Utah Jazz,35,81.0,235.0,Forward,2,0.0,1.0,0.0,0.0,133223012.0,754783.0
395,1627777,Georges Niang,Utah Jazz,29,79.0,230.0,Forward,2,5.0,0.7,2.2,0.0,133223012.0,1783557.0
396,204060,Joe Ingles,Utah Jazz,35,80.0,220.0,Forward-Guard,0,12.3,4.2,3.6,0.0,133223012.0,10863637.0
397,203903,Jordan Clarkson,Utah Jazz,30,76.0,194.0,Guard,2,17.5,2.2,3.9,0.0,133223012.0,11500000.0
398,1629752,Juwan Morgan,Utah Jazz,25,79.0,232.0,Forward,0,0.9,0.2,0.8,0.0,133223012.0,1517981.0
399,1629744,Matt Thomas,Utah Jazz,28,76.0,190.0,Guard,0,2.6,0.4,0.8,0.0,133223012.0,1517981.0
400,201144,Mike Conley,Utah Jazz,35,73.0,175.0,Guard,1,16.4,5.5,3.4,0.0,133223012.0,34502132.0
401,1629671,Miye Oni,Utah Jazz,25,77.0,206.0,Guard-Forward,2,2.0,0.2,1.6,0.0,133223012.0,1517981.0
402,1626220,Royce O'Neale,Utah Jazz,29,76.0,226.0,Forward,0,7.5,2.6,6.6,0.0,133223012.0,8500000.0
403,203497,Rudy Gobert,Utah Jazz,30,85.0,258.0,Center,1,14.5,1.3,13.4,0.0,133223012.0,27525281.0
404,1627885,Shaquille Harrison,Utah Jazz,29,79.0,190.0,Guard,0,1.0,0.5,0.5,0.0,133223012.0,770433.0
405,1628394,Anzejs Pasecniks,Washington Wizards,26,85.0,229.0,Center-Forward,1,0.0,1.0,1.0,0.0,125787029.0,374297.0
406,203078,Bradley Beal,Washington Wizards,29,75.0,207.0,Guard,1,31.8,4.6,5.1,0.0,125787029.0,28751774.0
407,1628990,Chandler Hutchison,Washington Wizards,26,78.0,210.0,Forward-Guard,1,1.9,0.6,2.9,0.0,125787029.0,2443440.0
408,1629655,Daniel Gafford,Washington Wizards,24,82.0,234.0,Forward-Center,2,4.8,0.6,3.3,0.0,125787029.0,1517981.0
409,202722,Davis Bertans,Washington Wizards,29,82.0,225.0,Forward,2,10.8,0.9,2.9,0.0,125787029.0,15000000.0
410,1629067,Isaac Bonga,Washington Wizards,22,80.0,180.0,Guard,2,2.2,0.6,2.1,0.0,125787029.0,1663861.0
411,202397,Ish Smith,Washington Wizards,34,72.0,175.0,Guard,0,5.2,4.7,3.5,0.0,125787029.0,6000000.0
412,1629010,Jerome Robinson,Washington Wizards,25,76.0,190.0,Guard,1,5.2,1.4,2.5,0.0,125787029.0,3737520.0
413,203526,Raul Neto,Washington Wizards,30,73.0,180.0,Guard,2,7.7,2.2,2.2,0.0,125787029.0,1620564.0
414,201577,Robin Lopez,Washington Wizards,34,84.0,281.0,Center,1,8.2,0.9,4.1,0.0,125787029.0,7300000.0
415,1629060,Rui Hachimura,Washington Wizards,24,80.0,230.0,Forward,1,13.4,1.5,5.8,0.0,125787029.0,4692840.0
416,201566,Russell Westbrook,Washington Wizards,33,75.0,200.0,Guard,1,21.7,10.3,9.5,0.0,125787029.0,41358814.0
417,1628418,Thomas Bryant,Washington Wizards,25,82.0,248.0,Center-Forward,2,14.3,1.5,6.1,0.0,125787029.0,8333333.0
